kartez,family,genus
ACNA2,Asteraceae,Acourtia
ALIN,Nyctaginaceae,Allionia
ALMA4,Liliaceae,Allium
APRAH,Asteraceae,Aphanostephus
ARFEF,Brassicaceae,Arabis
ASBR,Asclepiadaceae,Asclepias
ASFE2,Fabaceae,Astragalus
ASFL2,Fabaceae,Astragalus
ASLA4,Asclepiadaceae,Asclepias
ASMIM,Fabaceae,Astragalus
ASNU4,Fabaceae,Astragalus
ASSP,Asclepiadaceae,Asclepias
BAAB,Asteraceae,Bahia
BAABA,Asteraceae,Bahia
BADI,Asteraceae,Bahia
BAMU,Asteraceae,Baileya
BELY,Asteraceae,Berlandiera
BOSP,Nyctaginaceae,Boerhavia
BRBR2,Asteraceae,Brickellia
BRCA3,Asteraceae,Brickellia
BREUC2,Asteraceae,Brickellia
CAHA14,Onagraceae,Calylophus
CAIN14,Scrophulariaceae,Castilleja
CAWR,Asteraceae,Calycoseris
CHAL11,Euphorbiaceae,Chamaesyce
CHCHC3,Euphorbiaceae,Chamaesyce
CHCO,Solanaceae,Chamaesaracha
CHCO2,Solanaceae,Chamaesaracha
CHER2,Asteraceae,Chaetopappa
CHFE3,Euphorbiaceae,Chamaesyce
CHLA10,Euphorbiaceae,Chamaesyce
CHMI7,Euphorbiaceae,Chamaesyce
CHRE4,Euphorbiaceae,Chamaesyce
CHSE7,Euphorbiaceae,Chamaesyce
CHSES,Euphorbiaceae,Chamaesyce
CHST8,Euphorbiaceae,Chamaesyce
CINE,Asteraceae,Cirsium
CIUN,Asteraceae,Cirsium
COAR4,Convolvulaceae,Convolvulus
COEQ,Convolvulaceae,Convolvulus
CRCI3,Boraginaceae,Cryptantha
CRCR3,Boraginaceae,Cryptantha
CUFO,Cucurbitaceae,Cucurbita
CYACF,Apiaceae,Cymopterus
CYIMI,Cactaceae,Cylindropuntia
CYLE8,Cactaceae,Cylindropuntia
DABR,Fabaceae,Dalea
DAFO,Fabaceae,Dalea
DAJA,Fabaceae,Dalea
DANAN,Fabaceae,Dalea
DEPI,Brassicaceae,Descurainia
DEWO,Ranunculaceae,Delphinium
DIWI2,Brassicaceae,Dimorphocarpa
DRCUC,Brassicaceae,Draba
ECCOC,Cactaceae,Echinocereus
ECFEF3,Cactaceae,Echinocereus
ECIN2,Cactaceae,Ecinomastus
ERAB2,Polygonaceae,Eriogonum
ERDI2,Polemoniaceae,Eriastrum
ERDI4,Asteraceae,Erigeron
ERFL,Asteraceae,Erigeron
ERPO4,Polygonaceae,Eriogonum
ERRO2,Polygonaceae,Eriogonum
ERTE13,Geraniaceae,Erodium
ERWR,Polygonaceae,Eriogonum
ESVIV,Cactaceae,Escobaria
EUEX4,Euphorbiaceae,Euphorbia
EVNU,Convolvulaceae,Evolvulus
FAPA,Rosaceae,Fallugia
FUCR,Asclepiadaceae,Funastrum
FUCYH,Asclepiadaceae,Funastrum
GACO5,Onagraceae,Gaura
GAPI,Asteraceae,Gaillardia
GAPU,Asteraceae,Gaillardia
GASUN,Onagraceae,Gaura
GIME,Polemoniaceae,Gilia
GLBI2,Verbenaceae,Glandularia
GRCL,Cactaceae,Grusonia
GUSA2,Asteraceae,Gutierrezia
GUSP,Asteraceae,Gutierrezia
GUWR,Asteraceae,Gutierrezia
HEAN3,Asteraceae,Helianthus
HEOB,Lamiaceae,Hedeoma
HODR,Fabaceae,Hoffmannseggia
HOGL2,Fabaceae,Hoffmannseggia
HORU,Rubiaceae,Houstonia
HYFIC,Asteraceae,Hymenopappus
HYRIF,Asteraceae,Hymenoxys
HYVE,Violaceae,Hybanthus
IPCO2,Convolvulaceae,Ipomoea
IPLA2,Polemoniaceae,Ipomopsis
IPLO2,Polemoniaceae,Ipomopsis
IPPU4,Polemoniaceae,Ipomopsis
KAHI,Zygophyllaceae,Kallstroemia
KAPA,Zygophyllaceae,Kallstroemia
KRLA,Krameriaceae,Krameria
LACO13,Asteraceae,Laennecia
LAOCO,Boraginaceae,Lappula
LASE,Asteraceae,Lactuca
LATR2,Zygophyllaceae,Larrea
LEDED,Brassicaceae,Lepidium
LEFE,Brassicaceae,Lesquerella
LEPI3,Brassicaceae,Lesquerella
LIIN2,Boraginaceae,Lithospermum
LIPU4,Linaceae,Linum
LOPL2,Fabaceae,Lotus
LUBR2,Fabaceae,Lupinus
LYPA,Solanaceae,Lycium
MACA2,Asteraceae,Machaeranthera
MAFE,Asteraceae,Malacothrix
MAGR10,Asteraceae,Machaeranthera
MAHA4,Berberidaceae,Mahonia
MAHEH2,Cactaceae,Mammilaria
MAME6,Cactaceae,Mammilaria
MAPIP,Asteraceae,Machaeranthera
MATA2,Asteraceae,Machaeranthera
MAWR2,Cactaceae,Mammilaria
MEAL6,Loasaceae,Mentzelia
MELE2,Asteraceae,Melampodium
MEMU3,Loasaceae,Mentzelia
MESC,Oleaceae,Menodora
MIAL4,Nyctaginaceae,Mirabilis
MILI3,Nyctaginaceae,Mirabilis
MIMU,Nyctaginaceae,Mirabilis
MIOX,Nyctaginaceae,Mirabilis
MOCE,Molluginaceae,Mollugo
NADI,Hydrophyllaceae,Nama
NAHI,Hydrophyllaceae,Nama
NECA3,Brassicaceae,Nerisyrenia
NOMI,Liliaceae,Nolina
OEAL,Onagraceae,Oenothera
OECA10,Onagraceae,Oenothera
OECAC2,Onagraceae,Oenothera
OPEN3,Cactaceae,Opuntia
OPMA8,Cactaceae,Opuntia
OPPH,Cactaceae,Opuntia
OPPO,Cactaceae,Opuntia
OPPOP,Cactaceae,Opuntia
ORLUM,Orobanchaceae,Orobanche
PEAN,Asteraceae,Pectis
PEBA2,Scrophulariaceae,Penstemon
PEFE,Scrophulariaceae,Penstemon
PHCR,Hydrophyllaceae,Phacelia
PHHE4,Solanaceae,Physalis
PHHEF,Solanaceae,Physalis
PHIN,Hydrophyllaceae,Phacelia
PHJU,Viscaceae,Phoradendron
PHLO15,Portulacaceae,Phemeranthus
POAL4,Polygalaceae,Polygala
POHA5,Portulacaceae,Portulaca
POJA5,Fabaceae,Pomaria
POOL,Portulacaceae,Portulaca
PRGLT,Fabaceae,Prosopis
PRPA2,Pedaliaceae,Proboscidea
PSTAT,Asteraceae,Psilostrophe
RANE,Asteraceae,Rafinesquia
RARA2,Brassicaceae,Raphanus
RHMI3,Anacardiaceae,Rhus
RHTR,Anacardiaceae,Rhus
SAAB,Asteraceae,Sanvitalia
SCLA6,Asteraceae,Scorzonera
SCMU6,Asteraceae,Schkuhria
SCPA10,Cactaceae,Sclerocactus
SEBA3,Fabaceae,Senna
SEDI3,Nyctaginaceae,Selinocarpus
SEFLF,Asteraceae,Senecio
SESPM,Asteraceae,Senecio
SIAL2,Brassicaceae,Sisymbrium
SOEL,Solanaceae,Solanum
SPCOC,Malvaceae,Sphaeralcea
SPHA,Malvaceae,Sphaeralcea
SPLE,Malvaceae,Sphaeralcea
SPPO6,Malvaceae,Sphaeralcea
SPWR,Malvaceae,Sphaeralcea
STPA4,Asteraceae,Stephanomeria
TEAR4,Asteraceae,Tetraneuris
TECO,Verbenaceae,Tetraclea
THAC,Asteraceae,Thymophylla
THME,Asteraceae,Thelesperma
THWR,Brassicaceae,Thelypodium
TICA3,Boraginaceae,Tiquilia
TOAN,Asteraceae,Townsendia
TRDU,Asteraceae,Tragopogon
TRRA5,Euphorbiaceae,Tragia
TRTE,Zygophyllaceae,Tribulus
VEEN,Asteraceae,Verbesina
YUBA,Agavaceae,Yucca
YUBA2,Agavaceae,Yucca
YUGL,Agavaceae,Yucca
ZIGR,Asteraceae,Zinnia