"year","met_station","site","web","mean_overlap","se_overlap","season.precip.fall","GDD.fall","season.precip.spring","GDD.spring","mean.daily.precip","sd.daily.precip","cv.daily.precip","annual.PDO","annual.precip","web_id"
2000,"met49","C",1,0.463424422764529,0.054231694489123,94.893,4513.179585,59.145,1641.291,0.694360656,2.682594587,3.863402346,-0.78225,154.038,"C.1"
2000,"met49","C",2,0.388437109613693,0.025584883038788,94.893,4513.179585,59.145,1641.291,0.694360656,2.682594587,3.863402346,-0.78225,154.038,"C.2"
2000,"met49","C",3,0.42551842412725,0.0488547317197137,94.893,4513.179585,59.145,1641.291,0.694360656,2.682594587,3.863402346,-0.78225,154.038,"C.3"
2000,"met49","C",4,0.311410626102043,0.0517505225395496,94.893,4513.179585,59.145,1641.291,0.694360656,2.682594587,3.863402346,-0.78225,154.038,"C.4"
2000,"met49","C",5,0.362848769737965,0.0220048370513241,94.893,4513.179585,59.145,1641.291,0.694360656,2.682594587,3.863402346,-0.78225,154.038,"C.5"
2000,"met49","G",3,0.398791300798317,0.0485481504172024,94.893,4513.179585,59.145,1641.291,0.694360656,2.682594587,3.863402346,-0.78225,154.038,"G.3"
2000,"met49","G",4,0.384898951853285,0.0616611840430344,94.893,4513.179585,59.145,1641.291,0.694360656,2.682594587,3.863402346,-0.78225,154.038,"G.4"
2000,"met49","G",1,0.408517392491098,0.0584834159508683,94.893,4513.179585,59.145,1641.291,0.694360656,2.682594587,3.863402346,-0.78225,154.038,"G.1"
2000,"met49","G",2,0.446219711112732,0.0744637828146671,94.893,4513.179585,59.145,1641.291,0.694360656,2.682594587,3.863402346,-0.78225,154.038,"G.2"
2000,"met49","G",5,0.289223708386273,0.0761340349153205,94.893,4513.179585,59.145,1641.291,0.694360656,2.682594587,3.863402346,-0.78225,154.038,"G.5"
2001,"met49","C",1,0.305843033150064,0.0218218415067312,151.805,4464.4365,46.061,1514.3945,0.673526027,2.4750008,3.674692141,-0.741916666666667,197.866,"C.1"
2001,"met49","C",2,0.342815210868027,0.0149936195502609,151.805,4464.4365,46.061,1514.3945,0.673526027,2.4750008,3.674692141,-0.741916666666667,197.866,"C.2"
2001,"met49","G",1,0.370069451032496,0.0176587178606921,151.805,4464.4365,46.061,1514.3945,0.673526027,2.4750008,3.674692141,-0.741916666666667,197.866,"G.1"
2001,"met49","G",2,0.348638368247735,0.017130043352378,151.805,4464.4365,46.061,1514.3945,0.673526027,2.4750008,3.674692141,-0.741916666666667,197.866,"G.2"
2001,"met49","G",3,0.340790031174445,0.016668212439279,151.805,4464.4365,46.061,1514.3945,0.673526027,2.4750008,3.674692141,-0.741916666666667,197.866,"G.3"
2001,"met49","G",4,0.344243314332243,0.0204574412276232,151.805,4464.4365,46.061,1514.3945,0.673526027,2.4750008,3.674692141,-0.741916666666667,197.866,"G.4"
2001,"met49","G",5,0.343137696910689,0.0154418226933523,151.805,4464.4365,46.061,1514.3945,0.673526027,2.4750008,3.674692141,-0.741916666666667,197.866,"G.5"
2001,"met49","C",4,0.385169057785131,0.0203401295029654,151.805,4464.4365,46.061,1514.3945,0.673526027,2.4750008,3.674692141,-0.741916666666667,197.866,"C.4"
2001,"met49","C",5,0.29810593414028,0.0151995460935898,151.805,4464.4365,46.061,1514.3945,0.673526027,2.4750008,3.674692141,-0.741916666666667,197.866,"C.5"
2001,"met49","C",3,0.344172641382362,0.0272891380158447,151.805,4464.4365,46.061,1514.3945,0.673526027,2.4750008,3.674692141,-0.741916666666667,197.866,"C.3"
2001,"met50","B",1,0.45190670344678,0.0246743032476066,NA,NA,NA,NA,NA,NA,NA,-0.7419167,NA,"B.1"
2001,"met50","B",2,0.529828576250436,0.0204727220309127,NA,NA,NA,NA,NA,NA,NA,-0.7419167,NA,"B.2"
2001,"met50","B",3,0.632015255970626,0.0192525253057012,NA,NA,NA,NA,NA,NA,NA,-0.7419167,NA,"B.3"
2001,"met50","B",4,0.616563244346172,0.0183560764818856,NA,NA,NA,NA,NA,NA,NA,-0.7419167,NA,"B.4"
2001,"met50","B",5,0.571510608133899,0.0177238383354898,NA,NA,NA,NA,NA,NA,NA,-0.7419167,NA,"B.5"
2002,"met49","G",3,0.471935581581143,0.0201540323460005,181.59,4477.6785,5.743,1549.983,0.619323288,2.930158695,4.73122641,-0.134916666666667,187.333,"G.3"
2002,"met49","G",1,0.522776825340837,0.0326493118035823,181.59,4477.6785,5.743,1549.983,0.619323288,2.930158695,4.73122641,-0.134916666666667,187.333,"G.1"
2002,"met49","G",2,0.414590415338375,0.0285514739691219,181.59,4477.6785,5.743,1549.983,0.619323288,2.930158695,4.73122641,-0.134916666666667,187.333,"G.2"
2002,"met49","C",1,0.506096164815898,0.0408055661611453,181.59,4477.6785,5.743,1549.983,0.619323288,2.930158695,4.73122641,-0.134916666666667,187.333,"C.1"
2002,"met49","C",2,0.414075954406534,0.0396501893418459,181.59,4477.6785,5.743,1549.983,0.619323288,2.930158695,4.73122641,-0.134916666666667,187.333,"C.2"
2002,"met49","C",3,0.654115518130284,0.0374408381225096,181.59,4477.6785,5.743,1549.983,0.619323288,2.930158695,4.73122641,-0.134916666666667,187.333,"C.3"
2002,"met49","C",4,0.443683428956433,0.0374416325828293,181.59,4477.6785,5.743,1549.983,0.619323288,2.930158695,4.73122641,-0.134916666666667,187.333,"C.4"
2002,"met49","C",5,0.431603898516311,0.0342073732670381,181.59,4477.6785,5.743,1549.983,0.619323288,2.930158695,4.73122641,-0.134916666666667,187.333,"C.5"
2002,"met49","G",4,0.610057010881968,0.0218498243812751,181.59,4477.6785,5.743,1549.983,0.619323288,2.930158695,4.73122641,-0.134916666666667,187.333,"G.4"
2002,"met49","G",5,0.463396617505251,0.0297205049589645,181.59,4477.6785,5.743,1549.983,0.619323288,2.930158695,4.73122641,-0.134916666666667,187.333,"G.5"
2002,"met50","B",1,0.492764632587976,0.0135312191201435,248.214783,4590.842772,0,1608.508,1.245238095,4.903401923,3.937722386,-0.134916666666667,248.214783,"B.1"
2002,"met50","B",2,0.573472924152084,0.0116313990175492,248.214783,4590.842772,0,1608.508,1.245238095,4.903401923,3.937722386,-0.134916666666667,248.214783,"B.2"
2002,"met50","B",3,0.532134522661477,0.0115637370602881,248.214783,4590.842772,0,1608.508,1.245238095,4.903401923,3.937722386,-0.134916666666667,248.214783,"B.3"
2002,"met50","B",4,0.452670095903002,0.0177112637777217,248.214783,4590.842772,0,1608.508,1.245238095,4.903401923,3.937722386,-0.134916666666667,248.214783,"B.4"
2002,"met50","B",5,0.498278261735218,0.0120591862031423,248.214783,4590.842772,0,1608.508,1.245238095,4.903401923,3.937722386,-0.134916666666667,248.214783,"B.5"
2003,"met49","C",1,0.291437231800589,0.0385390241015364,69.999,4570.5855,21.912,1477,0.405285303,2.039147551,5.03138786,0.526666666666667,91.911,"C.1"
2003,"met49","C",4,0.368674926776029,0.043249317936134,69.999,4570.5855,21.912,1477,0.405285303,2.039147551,5.03138786,0.526666666666667,91.911,"C.4"
2003,"met49","C",5,0.283637761089639,0.0257988550183609,69.999,4570.5855,21.912,1477,0.405285303,2.039147551,5.03138786,0.526666666666667,91.911,"C.5"
2003,"met49","C",2,0.433910015361476,0.0282583539393154,69.999,4570.5855,21.912,1477,0.405285303,2.039147551,5.03138786,0.526666666666667,91.911,"C.2"
2003,"met49","G",2,0.335321969168035,0.0312188654465536,69.999,4570.5855,21.912,1477,0.405285303,2.039147551,5.03138786,0.526666666666667,91.911,"G.2"
2003,"met49","G",3,0.299690105424606,0.0268462178633548,69.999,4570.5855,21.912,1477,0.405285303,2.039147551,5.03138786,0.526666666666667,91.911,"G.3"
2003,"met49","G",4,0.293348449366718,0.0382546622049493,69.999,4570.5855,21.912,1477,0.405285303,2.039147551,5.03138786,0.526666666666667,91.911,"G.4"
2003,"met49","G",5,0.366194476436842,0.030659403399404,69.999,4570.5855,21.912,1477,0.405285303,2.039147551,5.03138786,0.526666666666667,91.911,"G.5"
2003,"met50","B",1,0.322387135798822,0.0605728353672066,50.1,4728.413396,32.6,1534.4535,0.406575342,2.07845054,5.112091961,0.526666666666667,82.7,"B.1"
2003,"met50","B",2,0.775795659137733,0.0319628501223202,50.1,4728.413396,32.6,1534.4535,0.406575342,2.07845054,5.112091961,0.526666666666667,82.7,"B.2"
2003,"met50","B",3,0.379824779896011,0.0138094836499902,50.1,4728.413396,32.6,1534.4535,0.406575342,2.07845054,5.112091961,0.526666666666667,82.7,"B.3"
2003,"met50","B",4,0.291410861929128,0.0147179839486476,50.1,4728.413396,32.6,1534.4535,0.406575342,2.07845054,5.112091961,0.526666666666667,82.7,"B.4"
2003,"met50","B",5,0.285479736620054,0.0238346465894491,50.1,4728.413396,32.6,1534.4535,0.406575342,2.07845054,5.112091961,0.526666666666667,82.7,"B.5"
2004,"met49","G",2,0.353729937097606,0.0162185369998181,114.678,4239.308,106.698,1482.8665,0.881540984,3.333007982,3.780888289,-0.110666666666667,221.376,"G.2"
2004,"met49","G",3,0.356435181085152,0.0161481980474002,114.678,4239.308,106.698,1482.8665,0.881540984,3.333007982,3.780888289,-0.110666666666667,221.376,"G.3"
2004,"met49","G",4,0.339322343244098,0.0193999247984491,114.678,4239.308,106.698,1482.8665,0.881540984,3.333007982,3.780888289,-0.110666666666667,221.376,"G.4"
2004,"met49","G",5,0.306502463663411,0.0144879232174906,114.678,4239.308,106.698,1482.8665,0.881540984,3.333007982,3.780888289,-0.110666666666667,221.376,"G.5"
2004,"met49","C",1,0.345306678528931,0.0294935770928016,114.678,4239.308,106.698,1482.8665,0.881540984,3.333007982,3.780888289,-0.110666666666667,221.376,"C.1"
2004,"met49","C",2,0.351854161649964,0.0142346812645255,114.678,4239.308,106.698,1482.8665,0.881540984,3.333007982,3.780888289,-0.110666666666667,221.376,"C.2"
2004,"met49","C",4,0.298827760443358,0.016857244626919,114.678,4239.308,106.698,1482.8665,0.881540984,3.333007982,3.780888289,-0.110666666666667,221.376,"C.4"
2004,"met49","C",5,0.28649360477202,0.0130979299371529,114.678,4239.308,106.698,1482.8665,0.881540984,3.333007982,3.780888289,-0.110666666666667,221.376,"C.5"
2004,"met50","B",1,0.339670442579159,0.0086589429881824,211.7,4353.744067,99.23676678,1557.497365,1.118815331,4.711100712,4.210793847,-0.110666666666667,310.93676678,"B.1"
2004,"met50","B",3,0.346099880241001,0.00719992630450389,211.7,4353.744067,99.23676678,1557.497365,1.118815331,4.711100712,4.210793847,-0.110666666666667,310.93676678,"B.3"
2004,"met50","B",4,0.365353479482674,0.00757214897453785,211.7,4353.744067,99.23676678,1557.497365,1.118815331,4.711100712,4.210793847,-0.110666666666667,310.93676678,"B.4"
2004,"met50","B",5,0.393615865234064,0.00913525022968015,211.7,4353.744067,99.23676678,1557.497365,1.118815331,4.711100712,4.210793847,-0.110666666666667,310.93676678,"B.5"
2005,"met49","G",2,0.311469898452408,0.0144294953777056,144.356,4385.6395,79.358,1423.169,0.777578082,3.123368607,4.016790954,-0.091,223.714,"G.2"
2005,"met49","G",3,0.293576165151593,0.01175800194051,144.356,4385.6395,79.358,1423.169,0.777578082,3.123368607,4.016790954,-0.091,223.714,"G.3"
2005,"met49","G",4,0.32517926846311,0.0228432552964664,144.356,4385.6395,79.358,1423.169,0.777578082,3.123368607,4.016790954,-0.091,223.714,"G.4"
2005,"met49","G",5,0.281527410188255,0.0138150213723115,144.356,4385.6395,79.358,1423.169,0.777578082,3.123368607,4.016790954,-0.091,223.714,"G.5"
2005,"met49","C",1,0.403313567363864,0.0304641104009876,144.356,4385.6395,79.358,1423.169,0.777578082,3.123368607,4.016790954,-0.091,223.714,"C.1"
2005,"met49","C",2,0.326665806956844,0.0189362529583559,144.356,4385.6395,79.358,1423.169,0.777578082,3.123368607,4.016790954,-0.091,223.714,"C.2"
2005,"met49","C",4,0.329766594902577,0.0219043041887785,144.356,4385.6395,79.358,1423.169,0.777578082,3.123368607,4.016790954,-0.091,223.714,"C.4"
2005,"met49","C",5,0.265227616798173,0.0171985195605986,144.356,4385.6395,79.358,1423.169,0.777578082,3.123368607,4.016790954,-0.091,223.714,"C.5"
2005,"met50","B",1,0.548811723864132,0.0238792289455505,168.3,4517.756073,75.4,1466.630073,0.794794521,3.698061606,4.652852417,-0.091,243.7,"B.1"
2005,"met50","B",2,0.999999930682886,0,168.3,4517.756073,75.4,1466.630073,0.794794521,3.698061606,4.652852417,-0.091,243.7,"B.2"
2005,"met50","B",3,0.441832956457124,0.0170061297842707,168.3,4517.756073,75.4,1466.630073,0.794794521,3.698061606,4.652852417,-0.091,243.7,"B.3"
2005,"met50","B",4,0.387176422746396,0.0123740716526451,168.3,4517.756073,75.4,1466.630073,0.794794521,3.698061606,4.652852417,-0.091,243.7,"B.4"
2005,"met50","B",5,0.376631554605274,0.0186919485479839,168.3,4517.756073,75.4,1466.630073,0.794794521,3.698061606,4.652852417,-0.091,243.7,"B.5"
2006,"met49","C",1,0.372420929716155,0.0292052171439795,257.869,4345.444591,8.403,1602.620681,0.94749863,4.552682222,4.804948605,-0.152833333333333,266.272,"C.1"
2006,"met49","C",2,0.501540150354082,0.021938956476189,257.869,4345.444591,8.403,1602.620681,0.94749863,4.552682222,4.804948605,-0.152833333333333,266.272,"C.2"
2006,"met49","C",4,0.559229744334747,0.0246587601266995,257.869,4345.444591,8.403,1602.620681,0.94749863,4.552682222,4.804948605,-0.152833333333333,266.272,"C.4"
2006,"met49","C",5,0.472590488023298,0.0164622303250955,257.869,4345.444591,8.403,1602.620681,0.94749863,4.552682222,4.804948605,-0.152833333333333,266.272,"C.5"
2006,"met49","G",5,0.314751872582806,0.0179585272008815,257.869,4345.444591,8.403,1602.620681,0.94749863,4.552682222,4.804948605,-0.152833333333333,266.272,"G.5"
2006,"met49","G",2,0.429655385551641,0.0207680007265623,257.869,4345.444591,8.403,1602.620681,0.94749863,4.552682222,4.804948605,-0.152833333333333,266.272,"G.2"
2006,"met49","G",3,0.407236847658929,0.0186786052042277,257.869,4345.444591,8.403,1602.620681,0.94749863,4.552682222,4.804948605,-0.152833333333333,266.272,"G.3"
2006,"met49","G",4,0.439674607012099,0.0348530236339882,257.869,4345.444591,8.403,1602.620681,0.94749863,4.552682222,4.804948605,-0.152833333333333,266.272,"G.4"
2006,"met50","B",1,0.645821995830834,0.0150560895501165,188.1135997,4471.293201,15.1,1694.3205,0.80521978,3.755334161,4.663738092,-0.152833333333333,203.2135997,"B.1"
2006,"met50","B",3,0.527181955160586,0.0139042392905709,188.1135997,4471.293201,15.1,1694.3205,0.80521978,3.755334161,4.663738092,-0.152833333333333,203.2135997,"B.3"
2006,"met50","B",4,0.459344909854324,0.0156612427527687,188.1135997,4471.293201,15.1,1694.3205,0.80521978,3.755334161,4.663738092,-0.152833333333333,203.2135997,"B.4"
2006,"met50","B",5,0.589499754965651,0.016471484220602,188.1135997,4471.293201,15.1,1694.3205,0.80521978,3.755334161,4.663738092,-0.152833333333333,203.2135997,"B.5"
2007,"met49","C",1,0.335517322683448,0.0194021130543761,101.458,4356.150578,109.003,1409.077,0.693394521,2.563373225,3.696846671,-0.463666666666667,210.461,"C.1"
2007,"met49","G",2,0.407237074781153,0.0201864614384434,101.458,4356.150578,109.003,1409.077,0.693394521,2.563373225,3.696846671,-0.463666666666667,210.461,"G.2"
2007,"met49","G",3,0.46837769192694,0.0158402918557687,101.458,4356.150578,109.003,1409.077,0.693394521,2.563373225,3.696846671,-0.463666666666667,210.461,"G.3"
2007,"met49","G",4,0.302557570285541,0.0188501485125784,101.458,4356.150578,109.003,1409.077,0.693394521,2.563373225,3.696846671,-0.463666666666667,210.461,"G.4"
2007,"met49","G",5,0.328743065428525,0.0149815688242096,101.458,4356.150578,109.003,1409.077,0.693394521,2.563373225,3.696846671,-0.463666666666667,210.461,"G.5"
2007,"met49","C",2,0.466856559192153,0.0139818049789994,101.458,4356.150578,109.003,1409.077,0.693394521,2.563373225,3.696846671,-0.463666666666667,210.461,"C.2"
2007,"met49","C",4,0.426596854544839,0.0191106761077318,101.458,4356.150578,109.003,1409.077,0.693394521,2.563373225,3.696846671,-0.463666666666667,210.461,"C.4"
2007,"met49","C",5,0.344952361012707,0.0118806038548637,101.458,4356.150578,109.003,1409.077,0.693394521,2.563373225,3.696846671,-0.463666666666667,210.461,"C.5"
2007,"met50","B",1,0.43231608720739,0.0156163105744978,150,4509.7785,99.5,1484.747,0.803013699,3.063121067,3.814531524,-0.463666666666667,249.5,"B.1"
2007,"met50","B",3,0.404353452441676,0.0174734378993632,150,4509.7785,99.5,1484.747,0.803013699,3.063121067,3.814531524,-0.463666666666667,249.5,"B.3"
2007,"met50","B",4,0.337838110003168,0.0151955222733706,150,4509.7785,99.5,1484.747,0.803013699,3.063121067,3.814531524,-0.463666666666667,249.5,"B.4"
2007,"met50","B",5,0.518793704352778,0.01746546334711,150,4509.7785,99.5,1484.747,0.803013699,3.063121067,3.814531524,-0.463666666666667,249.5,"B.5"
2008,"met49","G",2,0.644298015151575,0.0255099802306043,201.022,4240.546,15.305,1420.528,0.745642077,3.66446443,4.914508644,-1.33083333333333,216.327,"G.2"
2008,"met49","C",1,0.624000833617246,0.0203086316017266,201.022,4240.546,15.305,1420.528,0.745642077,3.66446443,4.914508644,-1.33083333333333,216.327,"C.1"
2008,"met49","G",3,0.593242319133507,0.0270002232998957,201.022,4240.546,15.305,1420.528,0.745642077,3.66446443,4.914508644,-1.33083333333333,216.327,"G.3"
2008,"met49","G",4,0.413176976907886,0.0384377100610113,201.022,4240.546,15.305,1420.528,0.745642077,3.66446443,4.914508644,-1.33083333333333,216.327,"G.4"
2008,"met49","G",5,0.624897965678635,0.0364372491812876,201.022,4240.546,15.305,1420.528,0.745642077,3.66446443,4.914508644,-1.33083333333333,216.327,"G.5"
2008,"met49","C",2,0.72498465160137,0.0195500188306256,201.022,4240.546,15.305,1420.528,0.745642077,3.66446443,4.914508644,-1.33083333333333,216.327,"C.2"
2008,"met49","C",4,0.632018547860782,0.0250136262154733,201.022,4240.546,15.305,1420.528,0.745642077,3.66446443,4.914508644,-1.33083333333333,216.327,"C.4"
2008,"met49","C",5,0.554925537265217,0.0177550101685066,201.022,4240.546,15.305,1420.528,0.745642077,3.66446443,4.914508644,-1.33083333333333,216.327,"C.5"
2008,"met50","B",1,0.826181554955128,0.0219197159266712,113.6,4407.1475,21.6,1499.0155,0.570765027,2.538922857,4.448280353,-1.33083333333333,135.2,"B.1"
2008,"met50","B",3,0.826550370721434,0.0202342657435826,113.6,4407.1475,21.6,1499.0155,0.570765027,2.538922857,4.448280353,-1.33083333333333,135.2,"B.3"
2008,"met50","B",4,0.523141578904868,0.0288869602652673,113.6,4407.1475,21.6,1499.0155,0.570765027,2.538922857,4.448280353,-1.33083333333333,135.2,"B.4"
2008,"met50","B",5,0.808016452492406,0.0274215077734155,113.6,4407.1475,21.6,1499.0155,0.570765027,2.538922857,4.448280353,-1.33083333333333,135.2,"B.5"
2009,"met49","G",2,0.414585868243738,0.0703867330018668,136.65,4304.472,44.966,1545.0335,0.67120274,2.600726444,3.874725608,-0.816583333333333,181.616,"G.2"
2009,"met49","C",1,0.412524147031988,0.030862749643601,136.65,4304.472,44.966,1545.0335,0.67120274,2.600726444,3.874725608,-0.816583333333333,181.616,"C.1"
2009,"met49","C",2,0.435642684736153,0.0350342160166813,136.65,4304.472,44.966,1545.0335,0.67120274,2.600726444,3.874725608,-0.816583333333333,181.616,"C.2"
2009,"met49","C",4,0.374225175954172,0.036734432414257,136.65,4304.472,44.966,1545.0335,0.67120274,2.600726444,3.874725608,-0.816583333333333,181.616,"C.4"
2009,"met49","C",5,0.329862986561363,0.0210037397958722,136.65,4304.472,44.966,1545.0335,0.67120274,2.600726444,3.874725608,-0.816583333333333,181.616,"C.5"
2009,"met49","G",4,0.232661191934834,0.0598078734366103,136.65,4304.472,44.966,1545.0335,0.67120274,2.600726444,3.874725608,-0.816583333333333,181.616,"G.4"
2009,"met49","G",5,0.295780860990581,0.0409792238453014,136.65,4304.472,44.966,1545.0335,0.67120274,2.600726444,3.874725608,-0.816583333333333,181.616,"G.5"
2009,"met49","G",3,0.187909165743646,0.0731928512311604,136.65,4304.472,44.966,1545.0335,0.67120274,2.600726444,3.874725608,-0.816583333333333,181.616,"G.3"
2009,"met50","B",1,0.309959118158406,0.0399917572573197,115.6,4437.5715,47,1607.60312,0.617260274,2.327783257,3.771153523,-0.816583333333333,162.6,"B.1"
2009,"met50","B",3,0.223567072366441,0.0239164464719703,115.6,4437.5715,47,1607.60312,0.617260274,2.327783257,3.771153523,-0.816583333333333,162.6,"B.3"
2009,"met50","B",4,0.313839354070456,0.0281728128642294,115.6,4437.5715,47,1607.60312,0.617260274,2.327783257,3.771153523,-0.816583333333333,162.6,"B.4"
2009,"met50","B",5,0.381137996562868,0.0508035067526618,115.6,4437.5715,47,1607.60312,0.617260274,2.327783257,3.771153523,-0.816583333333333,162.6,"B.5"
2010,"met49","C",4,0.476630188004303,0.0251839757727871,110.808,4450.6275,49.327,1315.9085,0.563117808,2.29612232,4.077516794,-0.743083333333333,160.135,"C.4"
2010,"met49","C",1,0.284416730862844,0.0281126648879901,110.808,4450.6275,49.327,1315.9085,0.563117808,2.29612232,4.077516794,-0.743083333333333,160.135,"C.1"
2010,"met49","C",2,0.416848046376974,0.024204614076876,110.808,4450.6275,49.327,1315.9085,0.563117808,2.29612232,4.077516794,-0.743083333333333,160.135,"C.2"
2010,"met49","G",1,0.999999999989166,7.0216669371534e-17,110.808,4450.6275,49.327,1315.9085,0.563117808,2.29612232,4.077516794,-0.743083333333333,160.135,"G.1"
2010,"met49","G",2,0.336049435586306,0.0144956022210298,110.808,4450.6275,49.327,1315.9085,0.563117808,2.29612232,4.077516794,-0.743083333333333,160.135,"G.2"
2010,"met49","G",3,0.303263485650659,0.0117272238208696,110.808,4450.6275,49.327,1315.9085,0.563117808,2.29612232,4.077516794,-0.743083333333333,160.135,"G.3"
2010,"met49","G",4,0.386479997151952,0.0224962159933537,110.808,4450.6275,49.327,1315.9085,0.563117808,2.29612232,4.077516794,-0.743083333333333,160.135,"G.4"
2010,"met49","G",5,0.385423067938341,0.0262367650546806,110.808,4450.6275,49.327,1315.9085,0.563117808,2.29612232,4.077516794,-0.743083333333333,160.135,"G.5"
2010,"met49","C",5,0.304550159374216,0.0195313875731673,110.808,4450.6275,49.327,1315.9085,0.563117808,2.29612232,4.077516794,-0.743083333333333,160.135,"C.5"
2010,"met50","B",1,0.358992374575788,0.0118033199309342,127.3,4576.591146,66,1379.1915,0.7,3.249641514,4.64234502,-0.743083333333333,193.3,"B.1"
2010,"met50","B",3,0.360934619389776,0.010859700542532,127.3,4576.591146,66,1379.1915,0.7,3.249641514,4.64234502,-0.743083333333333,193.3,"B.3"
2010,"met50","B",4,0.341949172168954,0.0103506750146219,127.3,4576.591146,66,1379.1915,0.7,3.249641514,4.64234502,-0.743083333333333,193.3,"B.4"
2010,"met50","B",5,0.342299860182038,0.0114246323247077,127.3,4576.591146,66,1379.1915,0.7,3.249641514,4.64234502,-0.743083333333333,193.3,"B.5"
2011,"met49","G",2,0.630930479138047,0.0269514819428254,85.819,4488.7175,2.549,1503.3695,0.419183562,1.795966807,4.284439971,-1.57108333333333,88.368,"G.2"
2011,"met49","G",4,0.722481873222438,0.0405357359961944,85.819,4488.7175,2.549,1503.3695,0.419183562,1.795966807,4.284439971,-1.57108333333333,88.368,"G.4"
2011,"met49","G",5,0.530545798449968,0.0645719309633403,85.819,4488.7175,2.549,1503.3695,0.419183562,1.795966807,4.284439971,-1.57108333333333,88.368,"G.5"
2011,"met49","C",4,0.999999999934841,0,85.819,4488.7175,2.549,1503.3695,0.419183562,1.795966807,4.284439971,-1.57108333333333,88.368,"C.4"
2011,"met49","G",3,0.411074945960107,0.0319289128795811,85.819,4488.7175,2.549,1503.3695,0.419183562,1.795966807,4.284439971,-1.57108333333333,88.368,"G.3"
2011,"met49","C",1,0.326652578709493,0.0862867614133756,85.819,4488.7175,2.549,1503.3695,0.419183562,1.795966807,4.284439971,-1.57108333333333,88.368,"C.1"
2011,"met49","C",2,0.627761843949272,0.0666906657254206,85.819,4488.7175,2.549,1503.3695,0.419183562,1.795966807,4.284439971,-1.57108333333333,88.368,"C.2"
2011,"met49","C",5,0.824243097501316,0.0292020193876301,85.819,4488.7175,2.549,1503.3695,0.419183562,1.795966807,4.284439971,-1.57108333333333,88.368,"C.5"
2011,"met50","B",1,0.955856244838097,0.0133098429539309,91,4629.95,1,1576.4045,0.439612188,1.819160021,4.138101875,-1.57108333333333,92,"B.1"
2011,"met50","B",3,0.565763383501916,0.0321159989114818,91,4629.95,1,1576.4045,0.439612188,1.819160021,4.138101875,-1.57108333333333,92,"B.3"
2011,"met50","B",4,0.503442483524005,0.0240244801491964,91,4629.95,1,1576.4045,0.439612188,1.819160021,4.138101875,-1.57108333333333,92,"B.4"
2011,"met50","B",5,0.641269873825129,0.0321264941680195,91,4629.95,1,1576.4045,0.439612188,1.819160021,4.138101875,-1.57108333333333,92,"B.5"
2012,"met49","G",2,0.342964828135475,0.0178701100841994,93.692,4592.053,30.624,1566.6395,0.392248634,2.047841898,5.220775093,-1.41433333333333,124.316,"G.2"
2012,"met49","C",1,0.350800427358434,0.030596017736557,93.692,4592.053,30.624,1566.6395,0.392248634,2.047841898,5.220775093,-1.41433333333333,124.316,"C.1"
2012,"met49","C",2,0.374062777262552,0.0306738221857121,93.692,4592.053,30.624,1566.6395,0.392248634,2.047841898,5.220775093,-1.41433333333333,124.316,"C.2"
2012,"met49","C",4,0.404807406043878,0.0508320004764225,93.692,4592.053,30.624,1566.6395,0.392248634,2.047841898,5.220775093,-1.41433333333333,124.316,"C.4"
2012,"met49","C",5,0.341735878257761,0.0190608199785087,93.692,4592.053,30.624,1566.6395,0.392248634,2.047841898,5.220775093,-1.41433333333333,124.316,"C.5"
2012,"met49","G",3,0.358721797977275,0.0184202826143725,93.692,4592.053,30.624,1566.6395,0.392248634,2.047841898,5.220775093,-1.41433333333333,124.316,"G.3"
2012,"met49","G",4,0.321407995631305,0.0266816321905198,93.692,4592.053,30.624,1566.6395,0.392248634,2.047841898,5.220775093,-1.41433333333333,124.316,"G.4"
2012,"met49","G",5,0.304597617678525,0.031381818026192,93.692,4592.053,30.624,1566.6395,0.392248634,2.047841898,5.220775093,-1.41433333333333,124.316,"G.5"
2012,"met50","B",1,0.410564329965405,0.0202314411593638,90.01359965,4767.309147,29.2,1661.126,0.405,1.951751588,4.819139724,-1.41433333333333,119.21359965,"B.1"
2012,"met50","B",3,0.391089048685196,0.0117825776932164,90.01359965,4767.309147,29.2,1661.126,0.405,1.951751588,4.819139724,-1.41433333333333,119.21359965,"B.3"
2012,"met50","B",4,0.371203267498931,0.0123158811894941,90.01359965,4767.309147,29.2,1661.126,0.405,1.951751588,4.819139724,-1.41433333333333,119.21359965,"B.4"
2012,"met50","B",5,0.395058934882588,0.0187031564603999,90.01359965,4767.309147,29.2,1661.126,0.405,1.951751588,4.819139724,-1.41433333333333,119.21359965,"B.5"
2013,"met49","C",5,0.579314396007286,0.0238515791567763,242.816,4329.4485,13.608,1452.2645,0.768923288,3.518293542,4.575610595,-0.926,256.424,"C.5"
2013,"met49","C",1,0.611985482342902,0.0258649187446884,242.816,4329.4485,13.608,1452.2645,0.768923288,3.518293542,4.575610595,-0.926,256.424,"C.1"
2013,"met49","C",2,0.613596404990747,0.0200996890572209,242.816,4329.4485,13.608,1452.2645,0.768923288,3.518293542,4.575610595,-0.926,256.424,"C.2"
2013,"met49","C",4,0.659965924890397,0.0237083749329662,242.816,4329.4485,13.608,1452.2645,0.768923288,3.518293542,4.575610595,-0.926,256.424,"C.4"
2013,"met49","G",2,0.705087180828655,0.0127359792791468,242.816,4329.4485,13.608,1452.2645,0.768923288,3.518293542,4.575610595,-0.926,256.424,"G.2"
2013,"met49","G",3,0.70794490045057,0.0188788173239206,242.816,4329.4485,13.608,1452.2645,0.768923288,3.518293542,4.575610595,-0.926,256.424,"G.3"
2013,"met49","G",4,0.60008582634899,0.025138911914951,242.816,4329.4485,13.608,1452.2645,0.768923288,3.518293542,4.575610595,-0.926,256.424,"G.4"
2013,"met49","G",5,0.61577591858268,0.0198414062603178,242.816,4329.4485,13.608,1452.2645,0.768923288,3.518293542,4.575610595,-0.926,256.424,"G.5"
2013,"met50","B",1,0.691490089142225,0.0114221146500758,262.5,4485.5005,16.4,1538.874,0.840273973,3.807864178,4.531693593,-0.926,278.9,"B.1"
2013,"met50","B",3,0.552005384476967,0.0139617038464012,262.5,4485.5005,16.4,1538.874,0.840273973,3.807864178,4.531693593,-0.926,278.9,"B.3"
2013,"met50","B",4,0.596731605411256,0.0140453355846346,262.5,4485.5005,16.4,1538.874,0.840273973,3.807864178,4.531693593,-0.926,278.9,"B.4"
2013,"met50","B",5,0.675132104455715,0.0129606320377288,262.5,4485.5005,16.4,1538.874,0.840273973,3.807864178,4.531693593,-0.926,278.9,"B.5"
2014,"met49","G",2,0.481853203798101,0.0219750637216136,168.236,4375.9195,18.816,1521.276,0.630438356,2.11468166,3.354303619,0.531583333333333,187.052,"G.2"
2014,"met49","G",3,0.294611246848585,0.0204809117678674,168.236,4375.9195,18.816,1521.276,0.630438356,2.11468166,3.354303619,0.531583333333333,187.052,"G.3"
2014,"met49","G",4,0.406079589708203,0.0471488965619943,168.236,4375.9195,18.816,1521.276,0.630438356,2.11468166,3.354303619,0.531583333333333,187.052,"G.4"
2014,"met49","G",5,0.354962614775876,0.0339946479501107,168.236,4375.9195,18.816,1521.276,0.630438356,2.11468166,3.354303619,0.531583333333333,187.052,"G.5"
2014,"met49","C",2,0.39925489454267,0.0303833804851215,168.236,4375.9195,18.816,1521.276,0.630438356,2.11468166,3.354303619,0.531583333333333,187.052,"C.2"
2014,"met49","C",4,0.315397694737944,0.05250763943424,168.236,4375.9195,18.816,1521.276,0.630438356,2.11468166,3.354303619,0.531583333333333,187.052,"C.4"
2014,"met49","C",5,0.363608561313613,0.018009170891985,168.236,4375.9195,18.816,1521.276,0.630438356,2.11468166,3.354303619,0.531583333333333,187.052,"C.5"
2014,"met49","C",1,0.521324744974256,0.0454830299328697,168.236,4375.9195,18.816,1521.276,0.630438356,2.11468166,3.354303619,0.531583333333333,187.052,"C.1"
2014,"met50","B",1,0.453598764019396,0.0286910102843164,172,4526.711,22,1614.826,0.668219178,2.334424266,3.49350085,0.531583333333333,194,"B.1"
2014,"met50","B",3,0.426845438643632,0.0176652810652051,172,4526.711,22,1614.826,0.668219178,2.334424266,3.49350085,0.531583333333333,194,"B.3"
2014,"met50","B",4,0.378378709921724,0.0133888041320701,172,4526.711,22,1614.826,0.668219178,2.334424266,3.49350085,0.531583333333333,194,"B.4"
2014,"met50","B",5,0.313007075422949,0.0167317598677966,172,4526.711,22,1614.826,0.668219178,2.334424266,3.49350085,0.531583333333333,194,"B.5"
2015,"met49","G",2,0.301362904147156,0.0175621349900276,79.852,4391.791,49.112,1463.8525,0.673167123,2.071494125,3.077236028,0.805333333333333,128.964,"G.2"
2015,"met49","G",3,0.356852090659864,0.0235317080160829,79.852,4391.791,49.112,1463.8525,0.673167123,2.071494125,3.077236028,0.805333333333333,128.964,"G.3"
2015,"met49","G",4,0.295089030919861,0.0352859217154876,79.852,4391.791,49.112,1463.8525,0.673167123,2.071494125,3.077236028,0.805333333333333,128.964,"G.4"
2015,"met49","C",1,0.30257196682318,0.0284987307600786,79.852,4391.791,49.112,1463.8525,0.673167123,2.071494125,3.077236028,0.805333333333333,128.964,"C.1"
2015,"met49","C",2,0.282762645303493,0.0263149948088329,79.852,4391.791,49.112,1463.8525,0.673167123,2.071494125,3.077236028,0.805333333333333,128.964,"C.2"
2015,"met49","C",4,0.265245733623401,0.0326747557321308,79.852,4391.791,49.112,1463.8525,0.673167123,2.071494125,3.077236028,0.805333333333333,128.964,"C.4"
2015,"met49","C",5,0.344711661848117,0.0213223754719505,79.852,4391.791,49.112,1463.8525,0.673167123,2.071494125,3.077236028,0.805333333333333,128.964,"C.5"
2015,"met49","G",5,0.285822016111334,0.0303529504863337,79.852,4391.791,49.112,1463.8525,0.673167123,2.071494125,3.077236028,0.805333333333333,128.964,"G.5"
2015,"met50","B",1,0.40494508468664,0.0460686472142531,97.2,4547.613,56.7,1561.9985,0.820821918,2.701933452,3.291741355,0.805333333333333,153.9,"B.1"
2015,"met50","B",3,0.375784312046602,0.0172555469861488,97.2,4547.613,56.7,1561.9985,0.820821918,2.701933452,3.291741355,0.805333333333333,153.9,"B.3"
2015,"met50","B",4,0.41536543080958,0.0179316946040438,97.2,4547.613,56.7,1561.9985,0.820821918,2.701933452,3.291741355,0.805333333333333,153.9,"B.4"
2015,"met50","B",5,0.353898934204822,0.0230042296954119,97.2,4547.613,56.7,1561.9985,0.820821918,2.701933452,3.291741355,0.805333333333333,153.9,"B.5"
2016,"met49","C",1,0.327437626167763,0.0327869808194523,111.3829787,4443.794,29.25531915,1512.393,0.580746425,2.483210303,4.275894257,0.63175,140.63829785,"C.1"
2016,"met49","C",4,0.398008866960942,0.0255724379663869,111.3829787,4443.794,29.25531915,1512.393,0.580746425,2.483210303,4.275894257,0.63175,140.63829785,"C.4"
2016,"met49","C",5,0.365772387625022,0.0164254118652662,111.3829787,4443.794,29.25531915,1512.393,0.580746425,2.483210303,4.275894257,0.63175,140.63829785,"C.5"
2016,"met49","G",4,0.369916769795973,0.0168749144420074,111.3829787,4443.794,29.25531915,1512.393,0.580746425,2.483210303,4.275894257,0.63175,140.63829785,"G.4"
2016,"met49","C",2,0.349352124561271,0.021085307863188,111.3829787,4443.794,29.25531915,1512.393,0.580746425,2.483210303,4.275894257,0.63175,140.63829785,"C.2"
2016,"met49","G",2,0.375559346449952,0.0183927795678862,111.3829787,4443.794,29.25531915,1512.393,0.580746425,2.483210303,4.275894257,0.63175,140.63829785,"G.2"
2016,"met49","G",3,0.399589631456746,0.0161704687486855,111.3829787,4443.794,29.25531915,1512.393,0.580746425,2.483210303,4.275894257,0.63175,140.63829785,"G.3"
2016,"met49","G",5,0.365292690612614,0.0214055811716218,111.3829787,4443.794,29.25531915,1512.393,0.580746425,2.483210303,4.275894257,0.63175,140.63829785,"G.5"
2016,"met50","B",1,0.356315046125778,0.0140226998186371,110.7,4597.862,29.38159791,1595.889977,0.556944444,2.391735212,4.294387413,0.63175,140.08159791,"B.1"
2016,"met50","B",3,0.391718929287776,0.0108337065399079,110.7,4597.862,29.38159791,1595.889977,0.556944444,2.391735212,4.294387413,0.63175,140.08159791,"B.3"
2016,"met50","B",4,0.3636885317512,0.0096176664096279,110.7,4597.862,29.38159791,1595.889977,0.556944444,2.391735212,4.294387413,0.63175,140.08159791,"B.4"
2016,"met50","B",5,0.370523245512293,0.0185510086583084,110.7,4597.862,29.38159791,1595.889977,0.556944444,2.391735212,4.294387413,0.63175,140.08159791,"B.5"
2017,"met49","C",1,0.321788107811344,0.0402116213952146,143.3346837,4430.94163,40,1610.8345,0.494217622,1.914200883,3.873194313,-0.05975,183.3346837,"C.1"
2017,"met49","G",2,0.378600531880082,0.0152082350495535,143.3346837,4430.94163,40,1610.8345,0.494217622,1.914200883,3.873194313,-0.05975,183.3346837,"G.2"
2017,"met49","G",3,0.306456903625305,0.0195717361730806,143.3346837,4430.94163,40,1610.8345,0.494217622,1.914200883,3.873194313,-0.05975,183.3346837,"G.3"
2017,"met49","G",4,0.316787273910931,0.0179592513523591,143.3346837,4430.94163,40,1610.8345,0.494217622,1.914200883,3.873194313,-0.05975,183.3346837,"G.4"
2017,"met49","G",5,0.340239189811729,0.0175001783153911,143.3346837,4430.94163,40,1610.8345,0.494217622,1.914200883,3.873194313,-0.05975,183.3346837,"G.5"
2017,"met49","C",2,0.29053639012127,0.0205037113992646,143.3346837,4430.94163,40,1610.8345,0.494217622,1.914200883,3.873194313,-0.05975,183.3346837,"C.2"
2017,"met49","C",4,0.318288676741508,0.0199343313724647,143.3346837,4430.94163,40,1610.8345,0.494217622,1.914200883,3.873194313,-0.05975,183.3346837,"C.4"
2017,"met49","C",5,0.260506070038153,0.0178613622574963,143.3346837,4430.94163,40,1610.8345,0.494217622,1.914200883,3.873194313,-0.05975,183.3346837,"C.5"
2017,"met50","B",1,0.356015440184631,0.0133329394084148,172.9,4604.272,42.3,1699.8625,0.775616438,3.402517243,4.386855506,-0.05975,215.2,"B.1"
2017,"met50","B",3,0.295633783162423,0.0137817161789018,172.9,4604.272,42.3,1699.8625,0.775616438,3.402517243,4.386855506,-0.05975,215.2,"B.3"
2017,"met50","B",4,0.309439935478306,0.0120044147213171,172.9,4604.272,42.3,1699.8625,0.775616438,3.402517243,4.386855506,-0.05975,215.2,"B.4"
2017,"met50","B",5,0.329338226852524,0.0140402276704842,172.9,4604.272,42.3,1699.8625,0.775616438,3.402517243,4.386855506,-0.05975,215.2,"B.5"
2018,"met49","G",5,0.259859588465131,0.0163057699410797,144.1489362,4633.1115,20,1696.1965,0.645584378,2.815751631,4.361554784,-0.299666666666667,164.1489362,"G.5"
2018,"met49","G",2,0.324597897785399,0.0159899042096141,144.1489362,4633.1115,20,1696.1965,0.645584378,2.815751631,4.361554784,-0.299666666666667,164.1489362,"G.2"
2018,"met49","G",3,0.262418369526778,0.0152057326920455,144.1489362,4633.1115,20,1696.1965,0.645584378,2.815751631,4.361554784,-0.299666666666667,164.1489362,"G.3"
2018,"met49","G",4,0.326151677299989,0.0168337536680625,144.1489362,4633.1115,20,1696.1965,0.645584378,2.815751631,4.361554784,-0.299666666666667,164.1489362,"G.4"
2018,"met49","C",1,0.281391381912159,0.0737614224223764,144.1489362,4633.1115,20,1696.1965,0.645584378,2.815751631,4.361554784,-0.299666666666667,164.1489362,"C.1"
2018,"met49","C",2,0.336218324561767,0.035726057850239,144.1489362,4633.1115,20,1696.1965,0.645584378,2.815751631,4.361554784,-0.299666666666667,164.1489362,"C.2"
2018,"met49","C",4,0.282850238996995,0.0273630704663421,144.1489362,4633.1115,20,1696.1965,0.645584378,2.815751631,4.361554784,-0.299666666666667,164.1489362,"C.4"
2018,"met49","C",5,0.375104577847003,0.0219405682042073,144.1489362,4633.1115,20,1696.1965,0.645584378,2.815751631,4.361554784,-0.299666666666667,164.1489362,"C.5"
2018,"met50","B",1,0.336937121678181,0.0211108989935236,130.1,4771.4595,28,1771.5335,0.642191781,2.694770193,4.196207851,-0.299666666666667,158.1,"B.1"
2018,"met50","B",3,0.338367227442083,0.0144501827152357,130.1,4771.4595,28,1771.5335,0.642191781,2.694770193,4.196207851,-0.299666666666667,158.1,"B.3"
2018,"met50","B",4,0.347986698877554,0.0116415107775669,130.1,4771.4595,28,1771.5335,0.642191781,2.694770193,4.196207851,-0.299666666666667,158.1,"B.4"
2018,"met50","B",5,0.447430066460163,0.0215207322574767,130.1,4771.4595,28,1771.5335,0.642191781,2.694770193,4.196207851,-0.299666666666667,158.1,"B.5"
2019,"met49","C",1,0.355981596178189,0.0415907274117357,101.3829787,4398.622,68.61702128,1433.471,0.721072574,2.648310404,3.67273767,-0.0355,169.99999998,"C.1"
2019,"met49","C",2,0.464634448371101,0.0248155971783134,101.3829787,4398.622,68.61702128,1433.471,0.721072574,2.648310404,3.67273767,-0.0355,169.99999998,"C.2"
2019,"met49","C",4,0.461598442991674,0.0272082333234647,101.3829787,4398.622,68.61702128,1433.471,0.721072574,2.648310404,3.67273767,-0.0355,169.99999998,"C.4"
2019,"met49","C",5,0.471198886971063,0.0205519117275458,101.3829787,4398.622,68.61702128,1433.471,0.721072574,2.648310404,3.67273767,-0.0355,169.99999998,"C.5"
2019,"met49","G",3,0.687285388493642,0.0188891866469744,101.3829787,4398.622,68.61702128,1433.471,0.721072574,2.648310404,3.67273767,-0.0355,169.99999998,"G.3"
2019,"met49","G",4,0.533536433301754,0.0171186386334948,101.3829787,4398.622,68.61702128,1433.471,0.721072574,2.648310404,3.67273767,-0.0355,169.99999998,"G.4"
2019,"met49","G",5,0.627078176256793,0.0217400963835124,101.3829787,4398.622,68.61702128,1433.471,0.721072574,2.648310404,3.67273767,-0.0355,169.99999998,"G.5"
2019,"met49","G",2,0.472435272940448,0.0139975564160224,101.3829787,4398.622,68.61702128,1433.471,0.721072574,2.648310404,3.67273767,-0.0355,169.99999998,"G.2"
2019,"met50","B",1,0.562594420531577,0.0121815044342874,98.7,4553.846394,77.2,1494.558476,0.676986301,2.50289211,3.697108944,-0.0355,175.9,"B.1"
2019,"met50","B",3,0.524285761870328,0.0132993512554188,98.7,4553.846394,77.2,1494.558476,0.676986301,2.50289211,3.697108944,-0.0355,175.9,"B.3"
2019,"met50","B",4,0.421450328570649,0.012268767865468,98.7,4553.846394,77.2,1494.558476,0.676986301,2.50289211,3.697108944,-0.0355,175.9,"B.4"
2019,"met50","B",5,0.648823911886529,0.0186042877586601,98.7,4553.846394,77.2,1494.558476,0.676986301,2.50289211,3.697108944,-0.0355,175.9,"B.5"
2020,"met49","C",1,0.333352274784204,0.0537074819222906,91.80851064,4652.7175,38.5106383,1635.724,0.424074614,2.033735671,4.795702465,-1.04283333333333,130.31914894,"C.1"
2020,"met49","C",2,0.337135082379952,0.0285842785491842,91.80851064,4652.7175,38.5106383,1635.724,0.424074614,2.033735671,4.795702465,-1.04283333333333,130.31914894,"C.2"
2020,"met49","C",4,0.603131610298785,0.0621190116688479,91.80851064,4652.7175,38.5106383,1635.724,0.424074614,2.033735671,4.795702465,-1.04283333333333,130.31914894,"C.4"
2020,"met49","G",2,0.3591091426481,0.0183053402835357,91.80851064,4652.7175,38.5106383,1635.724,0.424074614,2.033735671,4.795702465,-1.04283333333333,130.31914894,"G.2"
2020,"met49","G",3,0.369423504905568,0.0251124852617628,91.80851064,4652.7175,38.5106383,1635.724,0.424074614,2.033735671,4.795702465,-1.04283333333333,130.31914894,"G.3"
2020,"met49","G",4,0.318512542702835,0.0211597089853447,91.80851064,4652.7175,38.5106383,1635.724,0.424074614,2.033735671,4.795702465,-1.04283333333333,130.31914894,"G.4"
2020,"met49","G",5,0.414827731330992,0.0764566019087163,91.80851064,4652.7175,38.5106383,1635.724,0.424074614,2.033735671,4.795702465,-1.04283333333333,130.31914894,"G.5"
2020,"met49","C",5,0.360768724831986,0.0327830272505096,91.80851064,4652.7175,38.5106383,1635.724,0.424074614,2.033735671,4.795702465,-1.04283333333333,130.31914894,"C.5"
2020,"met50","B",1,0.364826436742718,0.0140313639851331,152.4,4831.7415,47,1700.5215,0.653825137,2.712421778,4.148543129,-1.04283333333333,199.4,"B.1"
2020,"met50","B",3,0.346827020417948,0.0196678957971533,152.4,4831.7415,47,1700.5215,0.653825137,2.712421778,4.148543129,-1.04283333333333,199.4,"B.3"
2020,"met50","B",4,0.347397580082265,0.0144350294249189,152.4,4831.7415,47,1700.5215,0.653825137,2.712421778,4.148543129,-1.04283333333333,199.4,"B.4"
2020,"met50","B",5,0.482040480848171,0.0501787292335483,152.4,4831.7415,47,1700.5215,0.653825137,2.712421778,4.148543129,-1.04283333333333,199.4,"B.5"
2021,"met49","G",2,0.742932325602687,0.0204152108355793,187.3404255,4481.7355,14.04255319,1518.951,0.574176625,2.767965434,4.820756043,-1.57841666666667,201.38297869,"G.2"
2021,"met49","G",4,0.690367710067435,0.0220943669483865,187.3404255,4481.7355,14.04255319,1518.951,0.574176625,2.767965434,4.820756043,-1.57841666666667,201.38297869,"G.4"
2021,"met49","G",5,0.604274629076859,0.046260683590043,187.3404255,4481.7355,14.04255319,1518.951,0.574176625,2.767965434,4.820756043,-1.57841666666667,201.38297869,"G.5"
2021,"met49","C",4,0.66491619427339,0.0533076273961243,187.3404255,4481.7355,14.04255319,1518.951,0.574176625,2.767965434,4.820756043,-1.57841666666667,201.38297869,"C.4"
2021,"met49","G",3,0.607481558475603,0.0432141502662424,187.3404255,4481.7355,14.04255319,1518.951,0.574176625,2.767965434,4.820756043,-1.57841666666667,201.38297869,"G.3"
2021,"met49","C",1,0.763981817179301,0.022642226496638,187.3404255,4481.7355,14.04255319,1518.951,0.574176625,2.767965434,4.820756043,-1.57841666666667,201.38297869,"C.1"
2021,"met49","C",2,0.587274124903214,0.0247142090677446,187.3404255,4481.7355,14.04255319,1518.951,0.574176625,2.767965434,4.820756043,-1.57841666666667,201.38297869,"C.2"
2021,"met49","C",5,0.579381876985088,0.0262785844025346,187.3404255,4481.7355,14.04255319,1518.951,0.574176625,2.767965434,4.820756043,-1.57841666666667,201.38297869,"C.5"
2021,"met50","B",1,0.51560143052348,0.015364411892938,264.5,4610.5795,26.4,1600.184,0.833972603,4.345807232,5.21097122,-1.57841666666667,290.9,"B.1"
2021,"met50","B",3,0.482454278479457,0.011447878050721,264.5,4610.5795,26.4,1600.184,0.833972603,4.345807232,5.21097122,-1.57841666666667,290.9,"B.3"
2021,"met50","B",4,0.481917344723154,0.00939232174304896,264.5,4610.5795,26.4,1600.184,0.833972603,4.345807232,5.21097122,-1.57841666666667,290.9,"B.4"
2021,"met50","B",5,0.542588020557482,0.0198904476259842,264.5,4610.5795,26.4,1600.184,0.833972603,4.345807232,5.21097122,-1.57841666666667,290.9,"B.5"
2022,"met49","G",2,0.512227345739592,0.031931499159403,192.0212766,4498.755386,17.11376017,1520.702006,0.989502607,3.551265184,3.588939696,-1.77808333333333,209.13503677,"G.2"
2022,"met49","C",1,0.655034016259843,0.0518227716969046,192.0212766,4498.755386,17.11376017,1520.702006,0.989502607,3.551265184,3.588939696,-1.77808333333333,209.13503677,"C.1"
2022,"met49","C",2,0.456796180931081,0.0298887169298758,192.0212766,4498.755386,17.11376017,1520.702006,0.989502607,3.551265184,3.588939696,-1.77808333333333,209.13503677,"C.2"
2022,"met49","C",4,0.625409279438357,0.0759706878853063,192.0212766,4498.755386,17.11376017,1520.702006,0.989502607,3.551265184,3.588939696,-1.77808333333333,209.13503677,"C.4"
2022,"met49","C",5,0.431851439620041,0.0421134653212428,192.0212766,4498.755386,17.11376017,1520.702006,0.989502607,3.551265184,3.588939696,-1.77808333333333,209.13503677,"C.5"
2022,"met49","G",3,0.761932529789096,0.0297424079507531,192.0212766,4498.755386,17.11376017,1520.702006,0.989502607,3.551265184,3.588939696,-1.77808333333333,209.13503677,"G.3"
2022,"met49","G",4,0.509381265495951,0.0314489451186945,192.0212766,4498.755386,17.11376017,1520.702006,0.989502607,3.551265184,3.588939696,-1.77808333333333,209.13503677,"G.4"
2022,"met49","G",5,0.594019499160913,0.0516281779898596,192.0212766,4498.755386,17.11376017,1520.702006,0.989502607,3.551265184,3.588939696,-1.77808333333333,209.13503677,"G.5"
2022,"met50","B",1,0.473745652755961,0.0642473327676973,163.6,4656.6585,22.8,1610.662,0.804657534,2.55163279,3.171079225,-1.77808333333333,186.4,"B.1"
2022,"met50","B",3,0.528363225722045,0.0124017624855838,163.6,4656.6585,22.8,1610.662,0.804657534,2.55163279,3.171079225,-1.77808333333333,186.4,"B.3"
2022,"met50","B",4,0.508839658847591,0.0121907973172007,163.6,4656.6585,22.8,1610.662,0.804657534,2.55163279,3.171079225,-1.77808333333333,186.4,"B.4"
2022,"met50","B",5,0.490803765046543,0.0266750155275654,163.6,4656.6585,22.8,1610.662,0.804657534,2.55163279,3.171079225,-1.77808333333333,186.4,"B.5"
2023,"met49","C",5,0.368977984321007,0.0189688171466643,111.595745,4606.806,46.3829787,1406.1,0.605654328,2.43139487,4.014492684,-1.88216666666667,157.9787237,"C.5"
2023,"met49","C",1,0.323284597249377,0.0401967598890164,111.595745,4606.806,46.3829787,1406.1,0.605654328,2.43139487,4.014492684,-1.88216666666667,157.9787237,"C.1"
2023,"met49","C",2,0.328452197052248,0.0235623288877746,111.595745,4606.806,46.3829787,1406.1,0.605654328,2.43139487,4.014492684,-1.88216666666667,157.9787237,"C.2"
2023,"met49","C",4,0.387808920235163,0.0330842567651629,111.595745,4606.806,46.3829787,1406.1,0.605654328,2.43139487,4.014492684,-1.88216666666667,157.9787237,"C.4"
2023,"met49","G",2,0.381048665107834,0.0145481837609914,111.595745,4606.806,46.3829787,1406.1,0.605654328,2.43139487,4.014492684,-1.88216666666667,157.9787237,"G.2"
2023,"met49","G",3,0.310561297347452,0.0165483684820598,111.595745,4606.806,46.3829787,1406.1,0.605654328,2.43139487,4.014492684,-1.88216666666667,157.9787237,"G.3"
2023,"met49","G",4,0.391372114605621,0.0195777155904014,111.595745,4606.806,46.3829787,1406.1,0.605654328,2.43139487,4.014492684,-1.88216666666667,157.9787237,"G.4"
2023,"met49","G",5,0.353271712644385,0.0232083638546161,111.595745,4606.806,46.3829787,1406.1,0.605654328,2.43139487,4.014492684,-1.88216666666667,157.9787237,"G.5"
2023,"met50","B",1,0.616557935822743,0.0156196457041805,89.4,4757.3235,52.5,1464.498,0.553150685,2.145893649,3.879401594,-1.88216666666667,141.9,"B.1"
2023,"met50","B",3,0.452306724897842,0.011675890608124,89.4,4757.3235,52.5,1464.498,0.553150685,2.145893649,3.879401594,-1.88216666666667,141.9,"B.3"
2023,"met50","B",4,0.319988605890636,0.00868843216719588,89.4,4757.3235,52.5,1464.498,0.553150685,2.145893649,3.879401594,-1.88216666666667,141.9,"B.4"
2023,"met50","B",5,0.360666772684324,0.0222159400383365,89.4,4757.3235,52.5,1464.498,0.553150685,2.145893649,3.879401594,-1.88216666666667,141.9,"B.5"
